"ID","title","type","source","subject","creator","date","URL","tags","archivo"
1,"Programa Imagen Regional","Proyecto digital temático","Nuestras colecciones","Arte","Subgerencia Cultural",1995,"http://www.banrepcultural.org/imagen-regional","Exposiciones de arte; Museos de arte; Arte regional; Creación artística; Objetos de arte; Arte múltiple; Filosofía del arte",
2,"Historia natural y política","Proyecto digital temático","Externa","Ciencias naturales; Ciencias sociales","Biblioteca Virtual",1996,"http://www.banrepcultural.org/historia-natural-politica/","Banco de la República; Botánica; Botánica indígena; Descripciones y viajes; Expediciones botánicas; Exploraciones; Historia natural; Proyectos digitales; Subgerencia Cultural",
3,"Alejandro de Humboldt: viajes por Colombia","Proyecto digital temático","Externa","Ciencias naturales; Ciencias sociales","Biblioteca Virtual",2000,"http://www.banrepcultural.org/humboldt/home.htm","América equinoccial; Banco de la República; Biología; Botánica; Científicos; Descripciones y viajes; Expediciones científicas; Proyectos digitales; Viajeros",
4,"Alberto Lleras Camargo: un estadista para la Colombia del siglo XX","Exposición bibliográfica","Nuestras colecciones","Ciencias sociales","Subgerencia Cultural",2006,"http://www.banrepcultural.org/lleras/home.htm","Escritores colombianos; Banco de la República; Biblioteca Luis Ángel Arango; Biografías; Diplomacia; Estadistas colombianos; Exposiciones; OEA; Periodiistas colombianos; Política y gobierno; Políticos colombianos; Proyectos digitales; Siglo XX",
5,"La imagen del Ferrocarril en la Numismática Colombiana","Exposición bibliográfica","Nuestras colecciones","Arte; Ciencias sociales","Subgerencia Cultural",2006,"http://www.banrepcultural.org/ferrocarriles/","Banco de la República; Biblioteca Luis Ángel Arango; Colecciones; Ferrocarril; Hacienda pública; Historia; Numismática; Papel moneda; Política y gobierno; Proyectos digitales; Subgerencia Cultural",
6,"Talleres de crónicas barriales","Proyecto digital temático","Externa","Literatura","Subgerencia Cultural",2007,"http://www.banrepcultural.org/cronicas-barriales/index.html","Antologías; Banco de la República; Barrios; Biblioteca Luis Ángel Arango; Crónicas; Descripciones y viajes; Historia; Literatura; Proyectos digitales; Relatos comunes; Subgerencia Cultural; Talleres; Vida social y costumbres",
7,"Diccionario: una definición","Proyecto digital temático","Externa","Literatura","Biblioteca Virtual",2007,"https://www.banrepcultural.org/exposiciones/el-diccionario","Americanismos; Banco de la República; Biblioteca Luis Ángel Arango; Diccionarios; Español; Fuentes; Gramática; Lexicografía; Lingüística; Proyectos digitales; Subgerencia Cultural",
8,"Galería Histórica","Proyecto digital temático","Externa","Ciencias sociales","Biblioteca Virtual",2007,"https://www.banrepcultural.org/galeria-historica/","Banco de la República; Biblioteca Luis Ángel Arango; Cartografía histórica; Descripciones y viajes; Fotografías; Historia; Historia; Proyectos digitales; Subgerencia Cultural; Viajeros",
9,"Net art Colombia: es feo y no le gusta el cursor","Exposición temporal de arte","Externa","Arte","Subgerencia Cultural",2007,"http://www.banrepcultural.org/artenlared/","Arte contemporáneo; Arte digital; Arte e internet; Arte por computador; Banco de la República; Exposiciones; Internet; Proyectos digitales; Subgerencia Cultural",
10,"Historia de la Biblioteca Luis Ángel Arango","Proyecto digital temático","Externa","Ciencias sociales","Biblioteca Virtual",2008,"https://www.banrepcultural.org/historia-de-la-blaa/","Banco de la República; Biblioteca Luis Ángel Arango; BLAA; Evolución; Historia; Homenajes; Línea de tiempo; Patrimonio cultural; Proyectos digitales; Servicios bibliotecarios; Servicios culturales; Subgerencia Cultural; Testimonios",
11,"Luis Caballero","Proyecto digital temático","Externa","Arte","Biblioteca Virtual",2008,"http://www.banrepcultural.org/luis-caballero/index.html","Banco de la República; Biblioteca Luis Ángel Arango; Colección de Arte del Banco de la República; Colecciones; Museo de Arte del Banco de la República; Pinores colombianos; Pinturas; Proyectos digitales; Subgerencia Cultural; Trayectoria",
12,"Candelario Obeso: bogando en un río de letras","Exposición bibliográfica","Externa","Literatura","Biblioteca Virtual",2009,"http://www.banrepcultural.org/candelario-obeso/","Banco de la República; Biblioteca Luis Ángel Arango; Crítica e interpretación; Exposiciones; Historia y crítica; Literatura; Poesía colombiana; Poetas colombianos; Proyectos digitales; Subgerencia Cultural",
13,"Andy Warhol, Mr. America","Exposición temporal de arte","Externa","Arte","UAOC",2009,"http://www.banrepcultural.org/warhol/","Arte pop; Artistas plásticos estadounidenses; Banco de la República; Crítica e interpretación; Exposiciones; Museo de Arte del Banco de la República; Pintura estadounidense; Proyectos digitales; Trabajos pictóricos",
14,"La Amazonía perdida El viaje fotográfico del legendario botánico Richard Evans Schultes","Exposición bibliográfica","Proyecto digital temático","Ciencias naturales; Ciencias sociales","Biblioteca Virtual",2009,"http://www.banrepcultural.org/la-amazonia-perdida/","Banco de la República; Biblioteca Luis Ángel Arango; Descripciones y viajes; Etnobotánica; Fotografías; Indígenas del Amazonas; Proyectos digitales; Subgerencia Cultural; Trabajos fotográficos; Vida social y costumbres",
15,"Cartas de la persistencia","Proyecto digital temático","Externa","Literatura","Subgerencia Cultural",2010,"http://www.banrepcultural.org/exposiciones/cartas-de-la-persistencia","Banco de la República; Biblioteca Luis Ángel Arango; Compilaciones; Conflictos; Exposiciones; Historia; Miedo; Paz; Persistencia; Proyectos digitales; Relatos personales; Subgerencia Cultural; Violencia",
16,"Arte ≠ vida: acciones por artistas de las Américas, 1960-2000","Exposición temporal de arte","Externa","Arte","UAOC",2010,"http://www.banrepcultural.org/exposiciones/arte-no-es-vida","Actividades grupales; Arte; Arte moderno; Arte y vida; Banco de la República; Exposiciones; Imágenes; Museo de Arte del Banco de la República; Obras en vivo; Performance; Proyecciones de video; Proyectos digitales; Subgerencia Cultural",
17,"Habeas Corpus: que tengas un cuerpo para exponer","Exposición temporal de arte","Externa","Arte","Subgerencia Cultural",2010,"http://www.banrepcultural.org/habeas-corpus/","Arte barroco; Arte contemporáneo; Banco de la República; Biblioteca Luis Ángel Arango; Exposiciones; Figura humana en el arte; Historia; Museo de Arte del Banco de la República; Proyectos digitales; Subgerencia Cultural",
18,"Man Ray","Exposición temporal de arte","Externa","Arte","Subgerencia Cultural",2010,"http://www.banrepcultural.org/man-ray/#","Arte de lo fantastico; Autoretratos; Banco de la República; Grandes maestros; Museo de Arte del Banco de la República; Objetos; Óleos; Proyectos digitales; Renacentismo; Retratos; Subgerencia Cultural; Surrealismo",
19,"La caricatura en Colombia a partir de la independencia","Exposición bibliográfica","Externa","Arte","Biblioteca Virtual",2010,"http://www.banrepcultural.org/la-caricatura-en-colombia/","Banco de la República; Caricaturas colombianas; Dibujo colombiano; Historia y crítica; Humor político; Humorismo gráfico colombiano; Proyectos digitales; Sátira; Subgerencia Cultural",
20,"Palabras que nos cambiaron: lenguaje y poder en la independencia","Exposición bibliográfica","Externa","Literatura; Ciencias sociales","Subgerencia Cultural",2010,"http://www.banrepcultural.org/palabras-que-nos-cambiaron/index.html","Banco de la República; Biblioteca Luis Ángel Arango; Bicentenario; Guerra de independencia; Historia; Independencia; Movimientos de independencia; Política y gobierno; Proyectos digitales; Subgerencia Cultural",
21,"La enciclopedia","Proyecto digital temático","Externa","Arte; Ciencias naturales; Ciencias sociales; Literatura","Biblioteca Virtual",2010,"http://enciclopedia.banrepcultural.org/","Arte; Ayuda de tareas; Banco de la República; Ciencias naturales; Comunicación; Economía; Geografía; Historia; Literatura; Música; Política; Proyectos digitales; Reseñas; Subgerencia Cultural; Enciclopedia",
22,"Óscar Muñoz: Protografías","Exposición temporal de arte","Externa","Arte","Subgerencia Cultural",2011,"http://www.banrepcultural.org/oscar-munoz/","Arte contemporáneo; Banco de la República; Entrevistas; Fotografía colombiana; Fotógrafos colombianos; Museo de Arte del Banco de la República; Proyectos digitales; Subgerencia Cultural; Técnica mixta; Trabajos artísticos",
23,"Colección Maraloto - El ojo del coleccionista","Exposición temporal de arte","Externa","Arte","Subgerencia Cultural",2011,"http://www.banrepcultural.org/exposiciones/coleccion-maraloto-el-ojo-del-coleccionista","Arte conceptual; Arte contemporáneo; Banco de la República; Exposiciones temporales; Museo de Arte del Banco de la República; Performance; Proyectos digitales; Subgerencia Cultural",
24,"El baúl de Amal Abisambra - La migración árabe a Colombia","Proyecto digital temático","Externa","Ciencias sociales","Vargas Arana, Pilar; Suaza Vargas, Luz Marina",2011,"http://www.banrepcultural.org/el-baul-de-amal-abisambra/","Árabes en Colombia; Asentamientos árabes; Banco de la República; Desplazamiento; Historia; Migrantes; Población extranjera; Proyectos digitales; Relatos personales; Subgerencia Cultural; Vida social y costumbres",
25,"Exposición Financiación de la Independencia","Exposición bibliográfica","Nuestras colecciones","Ciencias sociales","Subgerencia Cultural",2011,"http://enciclopedia.banrepcultural.org/index.php?title=Financiaci%C3%B3n_de_la_independencia","Banco de la República; Colecciones numismáticas; Deuda externa; Exposiciones numismáticas; Financiación; Finanzas publicas; Guerra de Independencia; Hacienda pública; Historia; Política y gobierno; Préstamos externos; Proyectos digitales; Subgerencia Cultural",
26,"Beuys y más allá El enseñar como arte","Exposición temporal de arte","Externa","Arte","Subgerencia Cultural",2011,"http://www.banrepcultural.org/exposiciones/beuys-y-mas-alla-el-ensenar-como-arte","Artistas plásticos alemanes; Banco de la República; Biblioteca Luis Ángel Arango; Casa Republicana; Crítica e interpretación; Escultura alemana; Exposiciones; Proyectos digitales; Subgerencia Cultural; Trabajos arquitectónicos; Trabajos artísticos",
27,"Historia de Colombia a través de la fotografía 1842 - 2010","Exposición temporal de arte","Externa","Arte; Ciencias sociales","Subgerencia Cultural",2011,"http://www.banrepcultural.org/exposiciones/historia-de-colombia-traves-de-la-fotografia-1842-2010","Banco de la República; Descripciones y viajes; Fotografía colombiana; Fotografías; Historia; Política y gobierno; Proyectos digitales; Subgerencia Cultural; Vida social y costumbres",
28,"Dayanita Singh","Exposición temporal de arte","Externa","Arte","Subgerencia Cultural",2011,"http://www.banrepcultural.org/exposiciones/dayanita-singh","Banco de la República; Exposiciones; Fotografía artística; Fotógrafos hindúes; Museo de Arte del Banco de la República; Proyectos digitales; Subgerencia Cultural; Trabajos fotográficos",
29,"León Ferrari","Exposición temporal de arte","Externa","Arte","UAOC",2011,"http://www.banrepcultural.org/exposiciones/leon-ferrari","Arte contemporáneo; Arte y poder; Banco de la República; Brasil; Caligrafía; Collage; Diarios; Dibujo; Museo de Arte del Banco de la República; Prismas; Proyectos digitales; Retrospectiva; Subgerencia Cultural",
30,"Joan Fontcuberta - A través del espejo","Exposición temporal de arte","Externa","Arte; Ciencias sociales","UAOC",2011,"http://www.banrepcultural.org/exposiciones/joan-fontcuberta-traves-del-espejo","Redes sociales; Internet; Fotografía artística; Filosofía de la fotografía; Exposiciones fotográficas; Fotomontaje",
31,"Por los tubos de Bogotá: usos del agua en la historia de la ciudad","Proyecto digital temático","Externa","Ciencias naturales; Ciencias sociales","Subgerencia Cultural",2012,"http://www.banrepcultural.org/agua/navegar/index.html","Abastecimiento de agua; Banco de la República; Consumo de agua; Historia; Proyectos digitales; Recursos hídricos; Subgerencia Cultural; Utilización del agua",
32,"Los niños que fuimos: huellas de la infancia en Colombia","Exposición temporal de arte","Nuestras colecciones","Arte","Subgerencia Cultural",2012,"http://www.banrepcultural.org/exposiciones/los-ninos-que-fuimos","Arte infantil; Aspectos sociales; Banco de la República; Crianza; Educación; Historia; Niños; Niños en el arte; Proyectos digitales; Rasgos culturales; Religión; Representaciones; Subgerencia Cultural",
33,"Sophie Calle - Historias de Pared","Exposición temporal de arte","Externa","Arte","Subgerencia Cultural",2012,"http://www.banrepcultural.org/proyectos/sophie-calle","Arte contemporáneo; Banco de la República; Exposiciones; Fotografía de personas; Fotografía francesa; Fotógrafos franceses; Museo de Arte del Banco de la República; Proyectos digitales; Subgerencia Cultural; Trabajos fotográficos",
34,"Fonoteca Digital","Proyecto digital temático","Externa","Ciencias sociales","Biblioteca Virtual",2012,"http://www.banrepcultural.org/proyectos/fonoteca","Banco de la República; Centro de Memorias Orales; Colección de la Biblioteca Luis Ángel Arango; Colección literaria HJCK; Colección Voces para el tiempo de la Casa de Poesía Silva; Conservación; Difusión; Fonoteca de entrevistas a personajes de la música de Hispanoamérica; Fonotecas; Grabaciones sonoras; Música; Patrimonio cultural; Proyectos digitales; Subgerencia Cultural",
35,"Wolfang Tillmans","Exposición temporal de arte","Externa","Arte","Subgerencia Cultural",2012,"http://www.banrepcultural.org/exposiciones/wolfgang-tillmans","Arte; Banco de la República; Exposiciones; Fotografía alemana; Fotografía artística; Fotógrafos alemanes; Instalación; Museo de Arte del Banco de la República; Proyectos digitales; Subgerencia Cultural; Trabajos fotográficos",
36,"Radio Sutatenza","Proyecto digital temático","Externa","Ciencias sociales","Biblioteca Virtual",2012,"http://www.banrepcultural.org/radio-sutatenza","Acción Cultural Popular; Archivos sonoros; Banco de la República; Colecciones documentales; Educación a distancia; Escuelas radiofónicas; Iglesia catolica; Proyectos digitales; Radio Sutatenza; Subgerencia Cultural",
37,"Germán Espinosa Inédito","Exposición bibliográfica","Nuestras colecciones","Literatura","Subgerencia Cultural",2012,"http://www.banrepcultural.org/proyectos/german-espinosa","Autores colombianos; Banco de la República; Biblioteca Luis Ángel Arango; Biografías; Colecciones; Crítica e interpretación; Literatura colombiana; Proyectos digitales; Relatos personales; Reseñas; Subgerencia Cultural",
38,"Agua: un patrimonio que corre de mano en mano","Proyecto digital temático","Externa","Ciencias naturales; Ciencias sociales","Subgerencia Cultural",2012,"http://www.banrepcultural.org/agua","Agua; Banco de la República; Cartografía; Conciencia social; Cuencas hidrográficas; Cultura; Exposiciones bibliográficas; Grabados; Hidrografía; Patrimonio; Pinturas; Proyectos digitales; Subgerencia Cultural; Videos",
39,"Andrés Caicedo: morir y dejar obra","Exposición bibliográfica","Externa","Literatura","Subgerencia Cultural",2012,"http://www.banrepcultural.org/exposiciones/andres-caicedo","Banco de la República; Biblioteca Luis Ángel Arango; Biografías; Cine; Colecciones Banco de la República; Conferencias; Correspondencia; Crítica e interpretación; Exposiciones; Homenajes; Literatura; Proyectos digitales; Relatos personales; Reseñas; Subgerencia Cultural; Teatro",
40,"Afrocolombianidad","Proyecto digital temático","Externa","Arte; Ciencias naturales; Ciencias sociales; Literatura","Subgerencia Cultural",2012,"http://www.banrepcultural.org/proyectos/afrocolombianidad","Arte negro; Folclor negro; Literatura negra; Música negra; Negros en la literatura; Religión de los negros; Derechos de los negros; Antropología; Etnología",
41,"Vik Muniz. Más acá de la imagen","Exposición temporal de arte","Externa","Arte","Subgerencia Cultural",2013,"http://www.banrepcultural.org/vik-muniz/","Arte contemporáneo; Artes plásticas; Banco de la República; Cultura; Dibujos; Exposiciones; Fotógrafos latinoamericanos; Museo de Arte del Banco de la República; Pinturas; Proyectos digitales; Subgerencia Cultural",
42,"Nuevos nombres. Desequilibrio y movilidad. Versión 2013","Exposición temporal de arte","Externa","Arte","Subgerencia Cultural",2013,"http://www.banrepcultural.org/nuevos-nombres/","Arte colombiano; Arte contemporáneo; Artistas plásticos colombianos; Banco de la República; Exposiciones; Museo de Arte del Banco de la República; NN; Nuevos artistas; Proyectos digitales; Subgerencia Cultural",
43,"Huila en las colecciones del Banco de la República","Exposición bibliográfica","Nuestras colecciones","Ciencias sociales","Subgerencia Cultural",2013,"http://www.banrepcultural.org/huila-en-las-colecciones-del-banco-de-la-republica/index.html","Arqueología; Banco de la República; Colecciones; Geografía física; Literatura; Música; Patrimonio arqueológico; Patrimonio cultural; Pintores; Proyectos digitales; Subgerencia Cultural",
44,"Urbes mutantes 1941-2012. Fotografía latinoamericana","Exposición temporal de arte","Externa","Ciencias sociales","Subgerencia Cultural",2013,"http://www.banrepcultural.org/exposiciones/urbes-mutantes","Arte contemporáneo; Banco de la República; Cultura; Exposiciones; Fotógrafos latinoamericanos; Museo de Arte del Banco de la República; Proyectos digitales; Subgerencia Cultural",
45,"Boletín Cultural y Bibliográfico","Proyecto digital temático","Nuestras colecciones","Arte; Ciencias naturales; Ciencias sociales; Literatura","BLAA",2013,"http://www.banrepcultural.org/boletin-cultural/","Revistas culturales; Revistas colombianas; Publicaciones del Banco de la República; Cultura",
46,"William Kentridge, Fortuna","Exposición temporal de arte","Externa","Arte","Subgerencia Cultural",2014,"http://proyectos.banrepcultural.org/william-kentridge/","Trabajos artísticos; Exposiciones; Crítica e interpretación; Arte sudafricano; Artistas plásticos sudafricanos; Arte contemporáneo; Proyectos digitales; Banco de la República; Museo de Arte del Banco de la República; Subgerencia Cultural",
47,"Foto Sady - Recuerdos de la realidad","Exposición bibliográfica","Nuestras colecciones","Arte; Ciencias sociales","Subgerencia Cultural",2014,"http://proyectos.banrepcultural.org/sady-gonzalez/es","Exposiciones fotográficas; Fotografía colombiana; Fotógrafos colombianos; Historia de Bogotá; Trabajos fotográficos",
48,"Álvaro Barrios, la leyenda del sueño. Revisión retrospectiva","Exposición temporal de arte","Externa","Arte","UAOC",2014,"http://www.banrepcultural.org/alvaro-barrios/","Arte conceptual; Artistas plásticos colombianos; Banco de la República; Dibujantes colombianos; Exposiciones de arte; Grabados; Museo de Arte del Banco de la República; Obras artísticas; Proyectos digitales; Subgerencia Cultural",
49,"Asamblea Nacional Constituyente y Constitución de 1991","Proyecto digital temático","Nuestras colecciones","Ciencias sociales","Biblioteca Virtual",2014,"http://babel.banrepcultural.org/cdm/landingpage/collection/p17054coll28","Asamblea Nacional Constituyente  de 1991; Banco de la República; Constitución política de 1991; Derechos constitucionales; Legislación y jurisprudencia; Participación ciudadana; Política y gobierno; Proyectos digitales; Subgerencia Cultural",
50,"Celebrando a Gabriel García Márquez","Proyecto digital temático","Externa","Ciencias sociales; Literatura","Subgerencia Cultural",2014,"http://www.banrepcultural.org/exposiciones/celebrando-gabo","Conmemoración; Escritores colombianos; Nobel de Literatura; Lectura complementaria",
51,"Víctor Grippo: Transformación","Exposición temporal de arte","Externa","Arte","UAOC",2014,"http://proyectos.banrepcultural.org/victor-grippo/","Arte conceptual; Arte argentino; Arte y tecnología; Exposiciones; Vanguardismo",
52,"Museo del Oro Tairona - Casa de la Aduana","Exposición permanente","Nuestras colecciones","Ciencias sociales; Arte","Museo del Oro (Bogotá)",2014,"http://proyectos.banrepcultural.org/museo-del-oro-tairona/es","Museografía; Museos; Museos arqueológicos; Museos históricos; Arquitectura de museos",
53,"Durero: Grabados 1496-1522","Exposición temporal de arte","Externa","Arte","UAOC",2014,"http://proyectos.banrepcultural.org/durero/es","Grabado; Grabado renacentista; Grabadores",
54,"Ricardo Gómez Campuzano","Exposición permanente","Nuestras colecciones","Arte","UAOC",2014,"http://www.banrepcultural.org/exposiciones/ricardo-gomez-campuzano","Exposiciones artísticas; Pintores colombianos; Coleccionistas y colecciones; Identidad cultural",
55,"Graciela Sacco","Exposición temporal de arte","Externa","Arte","UAOC",2015,"http://proyectos.banrepcultural.org/graciela-sacco/","Arte argentino; Arte contemporáneo; Artistas plásticos argentinos; Banco de la República; Exposiciones; Museo de Arte del Banco de la República; Proyectos digitales; Subgerencia Cultural; Trabajos artísticos",
56,"Hernán Díaz. Revelado. Retratos, sesiones y hojas de contacto","Exposición temporal de arte","Nuestras colecciones","Arte","Subgerencia Cultural",2015,"http://proyectos.banrepcultural.org/hernan-diaz/","Arte contemporáneo; Banco de la República; Exposiciones; Fotógrafos colombianos; Personajes celebres; Proyectos digitales; Siglo XX; Subgerencia Cultural",
57,"La Paz Se Toma La Palabra","Proyecto digital temático","Externa","Arte; Ciencias sociales","Subgerencia Cultural",2015,"http://proyectos.banrepcultural.org/proyecto-paz/","Banco de la República; Biblioteca Luis Ángel Arango; Colecciones; Conflicto interno; Dibulos; Historia; Paz; Política y gobierno; Posconflicto; Proyectos digitales; Relatos personales; Subgerencia Cultural; Talleres",
58,"Fondos Abiertos","Proyecto digital temático","Externa","Literatura; Ciencias sociales","Biblioteca Virtual",2015,"http://www.banrepcultural.org/proyectos/fondos-abiertos","Aspectos sociales; Banco de la República; Biblioteca Luis Ángel Arango; Economía; Literatura colombiana; Poesía colombiana; Política y gobierno; Proyectos digitales; Subgerencia Cultural",
59,"La Lechuga, el tesoro que deslumbró en el Prado regresa a casa","Exposición permanente","Nuestras colecciones","Arte","UAOC",2015,"http://www.banrepcultural.org/coleccion-de-arte-banco-de-la-republica/la-lechuga","Arte Colonial; Arte religioso; Banco de la República; Colección de Arte del Banco de la República; Custodias; Exposiciones; Iglesia de San Ignacio de Bogotá; La lechuga; Metales preciosas; Museo de Arte del Banco de la República; Orfebrería; Piedras preciosas; Piezas litúrgicas; Proyectos digitales",
60,"Colección de Arte del Banco de la República","Exposición permanente","Nuestras colecciones","Arte","Subgerencia Cultural",2015,"http://www.banrepcultural.org/coleccion-de-arte-banco-de-la-republica/","Artes plásticas; Banco de la República; Biblioteca Luis Ángel Arango; Colección de Arte del Banco de la República; Esculturas; Exposición de arte permanentes; Pinturas; Proyectos digitales; Proyectos especiales; Servicios; Subgerencia Cultural",
61,"¡Todo el poder para el pueblo! Emory Douglas y las Panteras Negras","Exposición temporal de arte","Externa","Arte; Ciencias sociales","UAOC",2015,"https://www.banrepcultural.org/exposiciones/todo-el-poder-para-el-pueblo","Luchas sociales; Propaganda política; Arte disidente; Arte e historia; Arte y revoluciones; Arte negro",
62,"Johanna Calle: Silentes 1985-2015","Exposición temporal de arte","Externa","Arte","UAOC",2015,"http://proyectos.banrepcultural.org/johanna-calle/es","Dibujo; Estética; Artes de representación; Arte conceptual",
63,"Museo etnográfico del Banco de la República","Exposición permanente","Nuestras colecciones","Ciencias sociales","Subgerencia Cultural",2015,"http://proyectos.banrepcultural.org/museo-etnografico/es","Museografía; Museos; Museos arqueológicos; Museos históricos; Arquitectura de museos; Museos antropológicos",
64,"Muerte Barroca","Exposición temporal de arte","Nuestras colecciones","Arte","Subgerencia Cultural",2016,"http://www.banrepcultural.org/coleccion-de-arte-banco-de-la-republica/muerte-barroca","Arte colonial; Arte cristiano; Banco de la República; Colección de Arte del Banco de la República; Exposiciones; Monjas; Muerte; Museo de Arte del Banco de la República; Órdenes religiosas de mujeres; Proyectos digitales; Retratos; Siglo XIX; Subgerencia Cultural",
65,"Aparente ingenuidad - Rompecabezas","Juegos e interactivos","Nuestras colecciones","Arte","Subgerencia Cultural",2016,"http://www.banrepcultural.org/aparente-ingenuidad-rompecabezas/","Amperente ingenuidad; Arte primitivista; Banco de la República; Colección de Arte del Banco de la República; Exposiciones; Juegos; Museo de Arte del Banco de la República; Naïf (ingenuo); Pintores primitivistas; Pinturas; Rompecabezas; Siglo XIX; Siglo XX; Subgerencia Cultural; Aplicaciones",
66,"Aparente ingenuidad - ¿Dónde estás Jaguar?","Juegos e interactivos","Nuestras colecciones","Arte","Subgerencia Cultural",2016,"http://www.banrepcultural.org/donde-estas-jaguar/","Amperente ingenuidad; Arte primitivista; Banco de la República; Colección de Arte del Banco de la República; Exposiciones; Juegos; Museo de Arte del Banco de la República; Naïf (ingenuo); Pintores primitivistas; Pinturas; Busquedas; Siglo XIX; Siglo XX; Subgerencia Cultural; Aplicaciones",
67,"Imágenes y relatos de un viaje por Colombia","Proyecto digital temático","Externa","Arte; Ciencias naturales; Ciencias sociales; Literatura","Biblioteca Virtual",2016,"http://www.banrep.gov.co/impresiones-de-un-viaje/","Banco de la República; Ciudades y pueblos; Descripciones y viajes; Fauna; Fiestas y costumbres; Flora; Gente; Geografía; Medios y modos de viaje; Proyectos digitales; Reseñas; Subgerencia Cultural; Trabajo y técnica; Vestigios Arqueológicos; Vías de comunicación; Vida social y costumbres",
68,"Salto de Tequendama y su historia","Proyecto digital temático","Externa","Ciencias naturales","Biblioteca Virtual",2016,"http://www.banrepcultural.org/proyectos/el-salto-de-tequendama","Salto de tequendama; Ecología; Recurso Hidrológico",
69,"Joan Fontcuberta: pareidolia","Exposición temporal de arte","Externa","Arte","UAOC",2016,"http://proyectos.banrepcultural.org/joan-fontcuberta/es","Fotografía artística; Exposiciones de fotografía; Artista catalán",
70,"Luis Roldán: Periplo Una retrospectiva","Exposición temporal de arte","Externa","Arte","UAOC",2016,"http://proyectos.banrepcultural.org/luis-roldan/es","Arte colombiano; Artistas colombianos; Pintura colombiana; Vanguardismo; Modernidad (arte); Pinturas; Exposiciones",
71,"Museo de oro Nariño","Exposición permanente","Nuestras colecciones","Ciencias sociales; Arte","Museo del Oro (Bogotá)",2016,"http://proyectos.banrepcultural.org/museo-del-oro-narino/es","Museografía; Museos; Museos arqueológicos; Museos históricos; Museos antropológicos",
72,"Cancionero escolar","Juegos e interactivos","Nuestras colecciones","Arte","Biblioteca Virtual",2017,"http://www.banrepcultural.org/cancionero/","Biblioteca Aldeana de Colombia; Canciones infantiles; Música colombiana; Música para canto; Partituras",
73,"Henri Cartier-Bresson, fotógrafo","Exposición temporal de arte","Externa","Arte","UAOC",2017,"http://proyectos.banrepcultural.org/henri-cartier-bresson/es","Fotografía artística; Reportajes fotográficos; Retratos; Exposición fotográfica; Fotógrafo francés",
74,"Piel de bahareque","Proyecto digital temático","Nuestras colecciones","Arte; Ciencias sociales","CC Manizales",2017,"http://proyectos.banrepcultural.org/arquitectura-bahareque-manizales/","Arquitectura republicana; Diseño arquitectónico; Arquitectura - conservación y restauración; Arquitectura y sociedad; Investigación arquitectónica",
75,"60 años de la BLAA, liderando una red cultural","Exposición bibliográfica","Nuestras colecciones","Ciencias sociales","BLAA",2017,"http://www.banrepcultural.org/exposiciones/blaa-60-red-cultural","Patrimonio documental; Cultura; Lenguaje y cultura; Fondos documentales",
76,"Y he aquí la luz (Et voici la lumière). Obras contemporáneas - Centre national des arts plastiques","Exposición temporal de arte","Externa","Arte","UAOC",2017,"http://proyectos.banrepcultural.org/cnap/es","Estética; Fotografía artística; Música en el arte; Objetos de arte; Video artístico; Composición (arte); Filosofía del arte; Museos de arte; Arte conceptual; Arte disidente; Arte y tecnología;",
77,"Los Carpinteros: la cosa está candela","Exposición temporal de arte","Externa","Arte","UAOC",2017,"http://proyectos.banrepcultural.org/los-carpinteros/es","Arte contemporáneo latinoamericano; Artistas cubanos; Exposiciones de arte; Objetos de arte; Arte conceptual; Filosofía del arte moderno",
78,"Libretas de dibujos: reencuentros de memoria gráfica","Exposición temporal de arte","Externa","Arte","BLAA; UAOC",2017,"http://proyectos.banrepcultural.org/libretas-de-dibujos/","Libros de artistas; Libretas de artistas; Ilustración de libros; Exposición de dibujos; Dibujos",
79,"Nuevos nombres 2017 - 2018","Exposición de arte","Nuestras colecciones","Arte","UAOC",2017,"http://proyectos.banrepcultural.org/nuevos-nombres-2017/es","Intervención artística; Instalación artística; Exposiciones; Museos de arte; Filosofía de la arquitectura; Filosofía del arte",
80,"Partería, saber ancestral y práctica viva","Exposición temporal de arte","Externa","Ciencias sociales","CC Buenaventura",2017,"http://proyectos.banrepcultural.org/parteria/es","Parteras; Patrimonio inmaterial; Folclor; Tradición",
81,"Decir el lugar","Juegos e interactivos","Externa","Arte","Subgerencia Cultural",2017,"https://www.banrepcultural.org/decir-el-lugar","Paisajes; Naturaleza en el arte; Pintura de paisajes; Arquitectura del paisaje",
82,"Molas. Capas de sabiduría","Juegos e interactivos","Externa","Arte; Ciencias sociales","Museo del Oro",2017,"http://www.banrepcultural.org/molas-rompecabezas/","Molas; Grupos étnicos; Gunadule; Textiles; Cosmogonía",
83,"Formas de la memoria","Exposición temporal de arte","Nuestras colecciones","Arte","UAOC",2017,"http://www.banrepcultural.org/coleccion-de-arte-banco-de-la-republica/formas-de-la-memoria","Exposiciones de arte; Arte contemporáneo; Arte moderno; Arte colombiano; Memoria",
84,"Decir el lugar. Testimonios del paisaje colombiano","Exposición temporal de arte","Externa","Arte","UAOC",2017,"http://www.banrepcultural.org/coleccion-de-arte-banco-de-la-republica/decir-el-lugar","Coleccionistas y colecciones; Arte y cultura; Exposiciones artísticas; Pintura de paisajes",
85,"¡Luz, más luz! Leo Matiz en las colecciones del Banco de la República","Exposición temporal de arte","Externa","Arte","UAOC",2018,"http://proyectos.banrepcultural.org/leo-matiz/es","Fotografía artística; Fotografía abstracta; Exposición fotográfica; Reportajes fotográficos; Fotografías; Fotógrafo colombiano; Modernidad artística",
86,"BLAA 60 años","Exposición bibliográfica","Nuestras colecciones","Ciencias sociales; Literatura","BLAA",2018,"http://www.banrepcultural.org/proyectos/blaa-60","Cumpleaños; Conmemoración; Bibliotecas; Bibliotecas - Historia; Bibliotecas de investigación; Biblioteca pública; Bibliotecas y comunidad",
87,"El sueño de la razón","Exposición temporal de arte","Externa","Arte","UAOC",2018,"http://proyectos.banrepcultural.org/el-sueno-de-la-razon/es","Exposiciones de arte; Filosofía del arte moderno; Museos de arte; Apreciación del arte; Estética; Objetos del arte; Arte conceptual",
88,"Centro de Memorias Orales","Proyecto digital temático","Nuestras colecciones","Ciencias sociales; Literatura","Subgerencia Cultural",2018,"http://babel.banrepcultural.org/digital/collection/p17054coll11","Coleccionistas y colecciones; Memoria oral; Historias de vida; Relatos comunes; Comunidades; Costumbres y vida",
89,"Zurbarán en el MAMU","Exposición temporal de arte","Externa","Arte","UAOC",2018,"http://www.banrepcultural.org/exposiciones/agnus-dei","Barroco; Arte y religión; Exposiciones artísticas; Museos de arte",
90,"Evidencias para una nación (BLAA 60 años)","Exposición bibliográfica","Nuestras colecciones","Ciencias sociales","BLAA",2018,"http://proyectos.banrepcultural.org/evidencias-para-una-nacion/","Colecciones documentales; Coleccionistas y colecciones; Desarrollo de colecciones bibliográficas; Identidad cultural",
91,"Archivo de exposiciones temporales del Museo del Oro","Exposición temporal","Nuestras colecciones","Arte; Ciencias sociales","Museo del Oro",2018,"http://www.banrepcultural.org/exposiciones/temporales-museo-del-oro","Museos arqueológicos; Patrimonio; Coleccionistas y colecciones; Exposiciones; Antropología",
92,"Exposiciones permanentes del Museo del Oro","Exposición permanente","Nuestras colecciones","Arte; Ciencias sociales","Museo del Oro",2018,"http://www.banrepcultural.org/exposiciones/permanentes-museo-del-oro","Museos arqueológicos; Patrimonio arqueológico; Coleccionistas y colecciones",
93,"Exposiciones internacionales del Museo del Oro","Exposición permanente","Nuestras colecciones","Arte; Ciencias sociales","Museo del Oro",2018,"http://www.banrepcultural.org/bogota/museo-del-oro/contenido/exposiciones-internacionales-del-museo-del-oro","Exposiciones artísticas; Patrimonio arqueológico; Museos arqueológicos; Museos de historia natural",
94,"Campo a través","Exposición temporal de arte","Externa","Arte","UAOC",2018,"http://www.banrepcultural.org/coleccion-de-arte-banco-de-la-republica/campo-a-traves","Coleccionistas y colecciones; Arte y cultura; Exposiciones artísticas",
95,"Habitación compartida","Exposición temporal de arte","Nuestras colecciones","Arte","UAOC",2018,"http://www.banrepcultural.org/exposiciones/habitacion-compartida","Exposiciones de arte; Arte colombiano; Colecciones y coleccionistas",
96,"Delimitar","Exposición temporal de arte","Nuestras colecciones","Arte","UAOC",2018,"http://www.banrepcultural.org/coleccion-de-arte-banco-de-la-republica/delimitar","Coleccionistas y colecciones; Arte y cultura; Museos de arte",
97,"Monstruos en papel","Exposición temporal de arte","Nuestras colecciones","Arte","UAOC",2018,"http://www.banrepcultural.org/exposiciones/monstruos-en-papel","Exposiciones de arte; Arte contemporáneo; Arte moderno; Arte colombiano; Dibujos; Grabados; Acuarelas; Bocetos",
98,"The Amazonian Travels of Richard Evans Schultes","Proyecto digital temático","Externa","Ciencias naturales; Ciencias sociales","The Amazon Conservation Team",2019,"http://www.banrepcultural.org/schultes/","Biología; Etnobotánica; Grupos étnicos; Vida en comunidad; Cosmogonía; Indígenas del Amazonas; Mitología indígena; Indígenas; Mapas; Exploradores; Expediciones científicas; Viajes de estudio",
99,"Documentos y colecciones especiales - Red de Bibliotecas Banco de la República","Proyecto digital temático","Nuestras colecciones","Arte; Literatura; Ciencias Sociales; Historia; Comunicación social; Sociedad Civil; Geografía y viajes","Biblioteca Virtual",2021,"https://www.banrepcultural.org/coleccion-bibliografica/especiales","Colecciones documentales; Patrimonio documental; Humanidades digitales; Archivos documentales",
